id,text,label,notes
1,France's high press only works when Tchouaméni sits deep enough to cover the channels. Against Morocco they left those spaces wide open and got punished on the counter twice.,insightful,
2,Mbappe is literally the worst player at this World Cup I can't believe people still hype him up,hot_take,HARD CASE: 'literally the worst' is hyperbole but also a quality claim. Hot take because no reasoning given.
3,GOLAZOOOOO 😭😭😭😭 I can't breathe,low_effort,
4,England always does this. Always. Every single tournament. No excuses anymore.,hot_take,Borderline: 'always does this' implies a pattern claim but no evidence. Hot take.
5,The reason Brazil struggles in knockout rounds isn't talent — it's that their 4-2-3-1 becomes too narrow when teams sit deep and deny the half spaces Vinicius likes to exploit.,insightful,
6,lol that keeper is cooked,low_effort,
7,Argentina's pressing intensity drops significantly in the second half of games. They've conceded 70% of their goals after the 60th minute this tournament which suggests a fitness or tactical issue at halftime.,insightful,
8,Spain is boring to watch I'm sorry,hot_take,
9,yesssss get in there!!!,low_effort,
10,Germany OUT. Best thing to happen this tournament tbh,hot_take,
11,The offside line was clearly drawn wrong. VAR took 4 minutes to confirm something that was obvious in 10 seconds. The technology is fine but the operators are the problem.,insightful,Interesting: criticizes VAR operators not the technology — more specific than a pure hot take but still unsupported. Hot take.
12,Ronaldo should have retired after 2022. He's embarrassing himself.,hot_take,
13,wait did that just go in 😭,low_effort,
14,Morocco's defensive shape is genuinely one of the most well-drilled at this tournament. Their back four holds a line at almost exactly 35 yards from goal and they've conceded the fewest shots on target in the group stage.,insightful,
15,noooo way that was offside 😭😭,low_effort,
16,The US will never win a World Cup. Ever. They don't have the football culture for it.,hot_take,
17,That penalty was soft as hell. Ref was looking for a reason to give it.,hot_take,HARD CASE: 'soft penalty' could be insightful (tactical observation) or hot take (emotional reaction). No reasoning given → hot take.
18,Japan winning this group is genuinely not a surprise if you watched them in 2022. Their low block is almost impossible to break down and they're clinical on the counter.,insightful,
19,THIS REFEREE SHOULD NEVER WORK AGAIN,low_effort,"HARD CASE: all caps, no claim — pure venting. Low effort even though referee quality is implied."
20,Croatia without Modric in top form is just a mid team. He's carrying all their creativity and he's 39.,hot_take,Borderline: mentions age (39) as evidence but framing is dismissive. Hot take because the reasoning is underdeveloped.
21,The reason Senegal is dangerous is their ability to transition vertically. They don't waste touches — once they win the ball they're looking forward immediately which most European sides aren't prepared for.,insightful,
22,VAR is ruining football. Full stop.,hot_take,
23,lmaooo imagine losing to that team 💀,low_effort,
24,Portugal's front four has more technical ability than any other team here but their midfield doesn't protect the defense well enough. Every time they attack they leave gaps in behind.,insightful,
25,Neymar is the most overrated player of his generation. Always has been.,hot_take,
26,I can't believe what I just watched,low_effort,
27,South Korea's press is extremely well organized. They engage in pairs and have clear triggers — the moment the opposition goalkeeper has the ball their press starts. It's tactical not frantic.,insightful,
28,Italy not qualifying is still the funniest thing that has ever happened in football,hot_take,
29,that free kick 😭😭😭😭,low_effort,
30,The reason this game is boring is both teams are sitting in two defensive blocks. When neither side has positional superiority in the final third you end up with this — long balls and set pieces.,insightful,
31,Netherlands is trash. Always has been. Bottlers.,hot_take,
32,bro I called it I called it I called it,low_effort,
33,Mexico's problem every tournament is the same: they win the group stage with ease then mentally collapse against a top team. It's a culture issue not a talent issue at this point.,hot_take,HARD CASE: identifies a pattern (group stage vs knockout) and calls it a culture issue. Borderline insightful but no mechanism given → hot take.
34,Ecuador pressing high from the front has disrupted every team they've played. Their center forwards are doing defensive work that most forwards at this level simply don't do.,insightful,
35,this game is giving me a heart attack,low_effort,
36,"The US goalkeeper has been the best in the tournament so far statistically. 14 saves, 0.3 expected goals against per game.",insightful,
37,African teams always underperform at World Cups because of poor preparation and federation politics. The talent is there — the infrastructure isn't.,insightful,HARD CASE: identifies structural cause (federation politics) with no evidence. Leaning insightful because mechanism is named specifically.
38,Australia is punching way above their weight but I don't see them getting past the quarterfinals. Their attack is too reliant on one player.,hot_take,
39,omg omg omg omg omg,low_effort,
40,Switzerland is the definition of a team that's greater than the sum of its parts. No world class individuals but their defensive organization and set piece delivery is elite.,insightful,
41,Messi is finished. He looked slow today.,hot_take,
42,that celebration was so clean 🔥,low_effort,
43,The reason England's set pieces are so effective is Trent's delivery combined with their movement patterns. They have at least 3 runners making different runs every corner — it's genuinely designed.,insightful,
44,This is the worst World Cup ever organized. Everything has been a disaster.,hot_take,
45,I'm going to cry I actually can't,low_effort,
46,Colombia's midfield press is the best in the tournament. They're winning second balls at an elite rate because they're first to every loose ball in the middle third.,insightful,
47,Brazil always chokes. That's just who they are.,hot_take,
48,lol they really just did that on the world stage,low_effort,
49,The reason France is so hard to beat is their transition speed. From defensive to attacking positions they have elite athletes who cover 30 meters in 4 seconds — most teams can't recover.,insightful,
50,That manager needs to be fired immediately. Today.,hot_take,
51,WHAT IS HAPPENING RIGHT NOW,low_effort,
52,Pedri's positioning between the lines creates so many problems. He receives in pockets where no midfielder can track him without leaving someone else free. Spain builds their whole system around those zones.,insightful,
53,Japan will always crumble at the last hurdle. It's mentality.,hot_take,
54,bro this commentator is sending me 😭,low_effort,
55,The biggest tactical story of this tournament is how many teams are using a high line. It creates more goals but also more vulnerability — we're seeing more goals per game than 2018.,insightful,
56,Argentina doesn't deserve to be in the final. They've been lucky every game.,hot_take,
57,wait WAIT WAIT WAIT,low_effort,
58,Ghana's issue is they're too direct. Their buildup lacks patience and teams are reading their forward passes easily. When they slow down and build through the thirds they look much better.,insightful,
59,The worst refereeing display I have ever seen at any level of football,hot_take,Borderline: 'worst refereeing display' is hyperbolic but could be honest assessment. No specifics → hot take.
60,I'm shaking literally shaking,low_effort,
61,Uruguay's physicality is a genuine tactical weapon. They use it to disrupt rhythm and force teams into long balls which suits their defensive shape.,insightful,
62,England will never win another World Cup in our lifetime. Just accept it.,hot_take,
63,that crowd is LOUD,low_effort,
64,The reason corners are so dangerous this tournament is more teams are using near-post flick-ons to the back post. The goalkeeper can't come for it and the defender at the back post is often isolated.,insightful,
65,Mbappe can't perform in big games. Stats don't lie.,hot_take,HARD CASE: 'stats don't lie' sounds like evidence but no stat is cited. Hot take masquerading as analysis.
66,lmaooo the look on his face 💀,low_effort,
67,Denmark's ability to switch play quickly is underrated. They find the weak side in about 3 passes which stretches defenses horizontally before going vertical.,insightful,
68,"The host nation always gets favorable decisions. Always has, always will.",hot_take,
69,YESSSSS COME ONNNNN,low_effort,
70,Iran's goalkeeper has been exceptional. 89th percentile save percentage in the tournament and that's facing genuinely difficult shots.,insightful,
71,This team hasn't won anything since I was born and I'm 30,hot_take,
72,I actually screamed I'm so embarrassed,low_effort,
73,What makes Morocco's counter-attack dangerous is their wingers stay wide and high even in defensive phases. When they win the ball they immediately have width and can transition in 2-3 passes.,insightful,
74,Qatar 2022 was fraudulent and this World Cup feels just as rigged,hot_take,
75,that ball movement tho 🔥🔥,low_effort,
76,The penalty shootout is a lottery. Always has been. It has nothing to do with merit or preparation.,hot_take,HARD CASE: 'lottery' is a claim about randomness that could be argued. No mechanism given → hot take.
77,South American teams have historically outperformed their seedings at World Cups because their players have more competitive experience from Copa Libertadores than equivalent European players do from domestic leagues.,insightful,
78,nooo come on that was never a red card,low_effort,
79,Spain's tiki-taka doesn't work against physical teams anymore. The game has evolved and they haven't.,hot_take,
80,The reason set pieces account for so many goals this tournament is teams have invested heavily in dead ball specialists. More World Cup goals from set pieces than open play through the group stage.,insightful,
81,this is actually the greatest World Cup match I have ever seen,low_effort,
82,Serbia has too much individual talent to go out in the group stage like that. Complete waste.,hot_take,
83,"Poland's press triggers are unclear. Sometimes they press high, sometimes they don't — the lack of consistency means their defensive shape is constantly being caught in between lines.",insightful,
84,the way he just looked at the camera after that goal 😭,low_effort,
85,African teams will never win a World Cup because they lack tactical discipline.,hot_take,
86,"Ecuador's positional play in the first 20 minutes is worth studying. Their striker holds the last defender, both eights make runs beyond, and the winger tucks in to create a 3v2 in the half space.",insightful,
87,I can't watch I literally can't watch,low_effort,
88,That's not football that's just kicking people,hot_take,
89,The reason Switzerland can compete with anyone is their pressing triggers are extremely clear. Every player knows when to press and when to hold shape — they're almost never caught out of position.,insightful,
90,penalty missed. unbelievable. season over.,low_effort,
91,The biggest weakness in England's setup is their full backs are offensive-minded but the wingers don't track back. Teams with fast wide forwards are going to exploit that all tournament.,insightful,
92,Ronaldo is still top 3 in the world easily,hot_take,
93,wait is that VAR again oh my god,low_effort,
94,Costa Rica's low block is textbook. They concede possession intentionally but their defensive line is compact enough to deny shots from dangerous areas.,insightful,
95,This country has no business being at a World Cup. Embarrassing.,hot_take,
96,bro went full send 😭,low_effort,
97,The reason Belgium's golden generation never won anything is their best players peaked at different times and the manager never found a system that worked with both Hazard and De Bruyne simultaneously.,insightful,
98,Colombia should have won this. Robbery.,hot_take,
99,I don't know what I just witnessed but I'm here for it,low_effort,
100,Turkey's transition from defense to attack is elite. They average 4.2 seconds from winning possession to getting a shot off which is fastest in the tournament.,insightful,
101,That's not a yellow card that's not even a foul are you kidding me,hot_take,HARD CASE: 'soft penalty' implies officiating quality claim but with no reasoning. Hot take.
102,he's crying and now I'm crying great,low_effort,
103,"The reason Australia can compete at this level is their pressing system. They're coached to press in waves — first striker triggers, midfielders follow, and they've won possession in the final third more than any other team.",insightful,
104,That goalkeeper is a liability. Has been all tournament.,hot_take,
105,SCREAMING AT MY SCREEN RIGHT NOW,low_effort,
106,Portugal's reliance on set pieces reflects a deeper issue — their open play creativity has declined as the squad has aged and they haven't developed a midfield playmaker to replace Moutinho.,insightful,
107,This is the worst penalty I have ever seen,hot_take,
108,bro hit the post I'm going to lose it,low_effort,
109,Nigeria's issue is the same it's been for 20 years — talented individuals who've never been organized into a coherent system. The federation keeps changing coaches before any philosophy takes root.,insightful,HARD CASE: names a pattern (group stage success vs knockout collapse) and labels it culture. Borderline but no mechanism → hot take.
110,that manager has never won anything and never will,hot_take,
111,the vibe in that stadium is insane,low_effort,
112,What makes Pedri different from other central midfielders is his first touch always opens up space. He receives facing forward when others would receive sideways — that's a technical habit not many players have.,insightful,
113,VAR has killed the atmosphere of football. Simple as.,hot_take,"HARD CASE: identifies structural cause (federation politics, calendar conflict). Insightful because specific mechanism named."
114,crying in the club rn 😭,low_effort,
115,The reason France can absorb pressure so well is Tchouaméni reads the game at an elite level. He positions himself between lines to cut passing lanes before the opposition even completes their buildup.,insightful,
116,That was the worst half of football I've ever watched,hot_take,
117,literally holding my breath,low_effort,
118,Netherlands plays well below their potential every major tournament. Their domestic league is too weak to prepare them for this level.,hot_take,
119,Cameroon's width in their attacking phase is genuine — their wingers hug the touchline and create a lot of 1v1 situations. The problem is their crossing is inconsistent so they're not converting that width into chances.,insightful,
120,I need a minute. I actually need a minute.,low_effort,
121,The reason Japan beats European teams is European managers underestimate their pressing intensity. Japan's defensive line is set at a position that forces teams to play long balls which their center backs are excellent in the air against.,insightful,
122,This squad is full of cowards. Every single one of them.,hot_take,
123,HE PUT IT IN THE TOP CORNER ARE YOU SERIOUS,low_effort,
124,Mexico's weakness is their center backs struggle with pace behind them. Teams that can get in behind early in games consistently create good chances — it happened 3 times today.,insightful,
125,This is the best World Cup in 20 years easy,hot_take,
126,I don't even know how to describe what's happening right now,low_effort,
127,The reason smaller nations are competitive now is data and video analysis has democratized tactics. A national team coach in 2024 has more information about their opponents than Guardiola had in 2010.,insightful,
128,Messi's legacy would have been better if he retired before this tournament,hot_take,
129,they really just did that 🤣,low_effort,
130,South Korea's center backs are excellent distributors. They're comfortable on the ball which allows the team to build from the back under pressure — a skill set that wasn't associated with Asian defenders 10 years ago.,insightful,
131,The Premier League is overrated and this tournament proves it,hot_take,
132,bro I need to lie down after that,low_effort,
133,The reason Germany got eliminated is their midfield transition is too slow. They have technical quality in possession but the speed of play between their lines is significantly slower than France or Spain.,insightful,
134,African football will never develop until FIFA fixes the calendar conflict with club football,insightful,
135,I'm not okay. I am genuinely not okay.,low_effort,
136,Argentina's success comes down to their ability to manage game states. When they're ahead they're tactically disciplined in a way they never were under earlier managers. They concede possession but protect the lead intelligently.,insightful,
137,That team just doesn't want it enough. Simple.,hot_take,
138,wait did the referee just 😭😭,low_effort,
139,The reason penalty shootouts favor teams with experienced players is familiarity with high-pressure situations. Teams whose players are in Champions League knockout rounds regularly outperform expectations in shootouts — this is documented.,insightful,
140,Every team from that continent is always going to underperform. History proves it.,hot_take,
141,I can't even type right now,low_effort,HARD CASE: 'can't perform in big games' + 'stats don't lie' implies evidence without citing any. Hot take.
142,Wales' aerial threat from set pieces is the most dangerous thing about them. Their tallest center backs make runs from deep and they have designed near-post blocks to free up the back post runner.,insightful,
143,The Champions League is just a money tournament. World Cup is the only thing that matters.,hot_take,
144,that atmosphere is giving me chills genuinely,low_effort,
145,The reason the US program is improving is the MLS talent pipeline has gotten significantly better. Players like Pulisic and Reyna are spending formative years at European clubs which 20 years ago wasn't happening.,insightful,
146,This is basically a friendly. Neither team is trying.,hot_take,
147,going crazy going absolutely crazy,low_effort,
148,"Saudi Arabia's win over Argentina in 2022 wasn't a fluke — they've built a tactically disciplined team that exploits the space behind aggressive defensive lines, and they've refined that since.",insightful,
149,That substitution made absolutely no sense. The manager is clueless.,hot_take,
150,HE SCORED HE ACTUALLY SCORED,low_effort,
151,The reason Vinicius Jr. is hard to defend in this system is he starts centrally and then drifts wide once the midfielder draws the fullback. By the time the fullback realizes he needs to track Vinicius it's too late.,insightful,
152,Referees are scared to give penalties in finals. It's always been this way.,hot_take,HARD CASE: 'lottery' claim about shootouts — arguable position but no evidence or mechanism. Hot take.
153,bro that save 😭😭😭😭,low_effort,
154,Ghana's defensive organization has improved significantly since 2022. They're holding a much tighter line and their center backs are communicating better — fewer breakdowns in transition.,insightful,
155,Whoever designed this tournament format should be fired,hot_take,
156,I need everyone to see what just happened,low_effort,
157,The reason Spain dominate possession so effectively is their press is coordinated with their positional structure. When they win the ball they immediately have triangles to receive — it's not just about technical quality.,insightful,
158,This goalkeeper couldn't save a shot in training let alone a World Cup,hot_take,
159,literally crying in front of strangers rn,low_effort,
160,The reason African teams often struggle in the knockout rounds is their squads are built around 3-4 elite players and when those players are managed out of the game the depth isn't there. European squads have more redundancy.,insightful,
161,That's the most embarrassing performance from a national team I've ever seen,hot_take,
162,broooo the crowd just went insane,low_effort,
163,Iran's defensive block is genuinely difficult to break down. They sit in a 4-5-1 that's narrow enough to deny central combinations and wide enough to prevent crosses from dangerous angles.,insightful,
164,This match is fixed. You can tell.,hot_take,
165,ok I'm sorry but that was beautiful,low_effort,
166,The reason this game has opened up in the second half is the team that went ahead pushed their defensive line higher trying to kill the game and left space in behind for the counter.,insightful,
167,No team from that region has ever performed consistently at World Cups and they never will,hot_take,
168,bro everyone in my house is screaming right now,low_effort,
169,Egypt's issue has been the same for years — too dependent on Salah to create. When teams press him aggressively and cut off his connection to the midfield Egypt struggle to generate anything.,insightful,
170,That player should be banned from football for life after that tackle,hot_take,
171,I genuinely cannot believe what I just saw,low_effort,
172,The reason this tournament has more goals per game than recent World Cups is the tactical trend toward higher defensive lines — more space in behind means more transition opportunities and more goals.,insightful,
173,That manager picked the wrong eleven and cost us the match. Simple.,hot_take,
174,the way that ball moved 😭 it's art,low_effort,
175,Senegal's physical profile in midfield is unmatched at this tournament. They win aerial duels and ground challenges at an elite rate which gives their more technical players time on the ball.,insightful,
176,VAR is the best thing to happen to football in 30 years and anyone who disagrees just hates accuracy,hot_take,
177,we're going through I can feel it,low_effort,HARD CASE: 'not even a foul' makes a specific officiating claim but no reasoning. Hot take.
178,The reason Australia's Matildas inspired so much of the current men's program growth is investment followed performance. When the women's team showed commercial viability the federation funded youth structures that are now producing this generation.,insightful,
179,That free kick was an embarrassment. A Sunday league player hits that better.,hot_take,
180,I'm watching this through my fingers,low_effort,
181,Nigeria's fullbacks are technically capable but tactically undisciplined. They push forward without tracking back reliably which leaves gaps that organized teams are exploiting repeatedly.,insightful,
182,The host team always has an advantage and it's unfair to the other nations,hot_take,
183,wait how many minutes of added time are they playing,low_effort,
184,The reason South American football produces more creative attackers is the futsal culture in street football develops close control and comfort in tight spaces that European youth academies don't replicate.,insightful,
185,That player has single-handedly carried a nation of 50 million people on his back and no one appreciates it,hot_take,
186,bro really nutmegged him on the world stage 😭,low_effort,
187,"Belgium's defensive record this tournament is the result of a clear system: their midfield three defends as a unit with clear zonals. It's not individual brilliance, it's collective organization.",insightful,
188,The Premier League has the best players in the world so England should win the World Cup,hot_take,HARD CASE: Premier League quality claim used as logical basis for conclusion. Reasoning is flawed but present → still hot take because the logic doesn't hold.
189,I don't care about anything else happening in the world right now,low_effort,
190,The reason Lamine Yamal is so hard to defend is he's comfortable with both feet and makes his decision before he receives the ball. Defenders can't set themselves because he's already committed to his next action.,insightful,
191,This is why I don't watch international football. Club football is just better.,hot_take,
192,the whole stadium just went quiet 💀,low_effort,
193,Costa Rica's counter-pressing after losing the ball is exceptional. They win possession back within 6 seconds of losing it more than any other team at the tournament — that's a trained behavior not accidental.,insightful,
194,That was a dive and everyone knows it,hot_take,
195,I am literally on the floor right now,low_effort,
196,The reason tournament football is so different from league football is the sample size. A team can advance through a World Cup on 4-5 good performances. In a league season that variance evens out. It's a different competition.,insightful,
197,This generation of players is the worst generation of footballers I've ever seen,hot_take,
198,someone check on me I'm not okay 😭,low_effort,
199,Denmark's set piece delivery from wide areas is designed to exploit near post congestion. They put two bodies at the near post to block the goalkeeper's sightline and then attack the back post with their tallest player.,insightful,
200,This sport is going to give me a heart attack one day and it will absolutely be worth it,low_effort,
